type,date,value,unit,position
FAT_PERCENT,"2026-02-23 09:02:01",15,
FAT_FREE_MASS,"2026-02-23 09:02:01",64,
"Fat Free Percent","2026-02-23 09:02:01",85,
MUSCLE_PERCENT,"2026-02-23 09:02:01",81,
BONE_PERCENT,"2026-02-23 09:02:01",4,
WATER_PERCENT,"2026-02-23 09:02:01",57,
FAT_PERCENT,"2026-02-19 12:40:28",14,
FAT_FREE_MASS,"2026-02-19 12:40:28",65,
"Fat Free Percent","2026-02-19 12:40:28",86,
MUSCLE_PERCENT,"2026-02-19 12:40:28",81,
BONE_PERCENT,"2026-02-19 12:40:28",4,
WATER_PERCENT,"2026-02-19 12:40:28",58,
FAT_PERCENT,"2026-02-15 11:11:06",15,
FAT_FREE_MASS,"2026-02-15 11:11:06",64,
"Fat Free Percent","2026-02-15 11:11:06",85,
MUSCLE_PERCENT,"2026-02-15 11:11:06",81,
BONE_PERCENT,"2026-02-15 11:11:06",4,
WATER_PERCENT,"2026-02-15 11:11:06",58,
FAT_PERCENT,"2026-02-14 12:34:53",14,
FAT_FREE_MASS,"2026-02-14 12:34:53",64,
"Fat Free Percent","2026-02-14 12:34:53",86,
MUSCLE_PERCENT,"2026-02-14 12:34:53",81,
BONE_PERCENT,"2026-02-14 12:34:53",4,
WATER_PERCENT,"2026-02-14 12:34:53",58,
FAT_PERCENT,"2026-02-08 12:33:02",15,
FAT_FREE_MASS,"2026-02-08 12:33:02",64,
"Fat Free Percent","2026-02-08 12:33:02",85,
MUSCLE_PERCENT,"2026-02-08 12:33:02",81,
BONE_PERCENT,"2026-02-08 12:33:02",4,
WATER_PERCENT,"2026-02-08 12:33:02",57,
FAT_PERCENT,"2026-02-07 11:17:58",15,
FAT_FREE_MASS,"2026-02-07 11:17:58",64,
"Fat Free Percent","2026-02-07 11:17:58",85,
MUSCLE_PERCENT,"2026-02-07 11:17:58",81,
BONE_PERCENT,"2026-02-07 11:17:58",4,
WATER_PERCENT,"2026-02-07 11:17:58",58,
FAT_PERCENT,"2026-02-05 12:31:18",14,
FAT_FREE_MASS,"2026-02-05 12:31:18",65,
"Fat Free Percent","2026-02-05 12:31:18",86,
MUSCLE_PERCENT,"2026-02-05 12:31:18",82,
BONE_PERCENT,"2026-02-05 12:31:18",4,
WATER_PERCENT,"2026-02-05 12:31:18",59,
FAT_PERCENT,"2026-02-03 12:07:07",15,
FAT_FREE_MASS,"2026-02-03 12:07:07",64,
"Fat Free Percent","2026-02-03 12:07:07",85,
MUSCLE_PERCENT,"2026-02-03 12:07:07",81,
BONE_PERCENT,"2026-02-03 12:07:07",4,
WATER_PERCENT,"2026-02-03 12:07:07",58,
FAT_PERCENT,"2026-01-25 11:32:15",14,
FAT_FREE_MASS,"2026-01-25 11:32:15",64,
"Fat Free Percent","2026-01-25 11:32:15",86,
MUSCLE_PERCENT,"2026-01-25 11:32:15",81,
BONE_PERCENT,"2026-01-25 11:32:15",4,
WATER_PERCENT,"2026-01-25 11:32:15",58,
FAT_PERCENT,"2026-01-21 11:57:11",14,
FAT_FREE_MASS,"2026-01-21 11:57:11",64,
"Fat Free Percent","2026-01-21 11:57:11",86,
MUSCLE_PERCENT,"2026-01-21 11:57:11",81,
BONE_PERCENT,"2026-01-21 11:57:11",4,
WATER_PERCENT,"2026-01-21 11:57:11",58,
FAT_PERCENT,"2026-01-17 13:39:38",14,
FAT_FREE_MASS,"2026-01-17 13:39:38",63,
"Fat Free Percent","2026-01-17 13:39:38",86,
MUSCLE_PERCENT,"2026-01-17 13:39:38",82,
BONE_PERCENT,"2026-01-17 13:39:38",4,
WATER_PERCENT,"2026-01-17 13:39:38",58,
FAT_PERCENT,"2025-12-25 10:24:26",14,
FAT_FREE_MASS,"2025-12-25 10:24:26",64,
"Fat Free Percent","2025-12-25 10:24:26",86,
MUSCLE_PERCENT,"2025-12-25 10:24:26",82,
BONE_PERCENT,"2025-12-25 10:24:26",4,
WATER_PERCENT,"2025-12-25 10:24:26",58,
FAT_PERCENT,"2025-12-15 10:44:28",14,
FAT_FREE_MASS,"2025-12-15 10:44:28",63,
"Fat Free Percent","2025-12-15 10:44:28",86,
MUSCLE_PERCENT,"2025-12-15 10:44:28",82,
BONE_PERCENT,"2025-12-15 10:44:28",4,
WATER_PERCENT,"2025-12-15 10:44:28",58,
FAT_PERCENT,"2025-11-29 09:26:36",14,
FAT_FREE_MASS,"2025-11-29 09:26:36",63,
"Fat Free Percent","2025-11-29 09:26:36",86,
MUSCLE_PERCENT,"2025-11-29 09:26:36",82,
BONE_PERCENT,"2025-11-29 09:26:36",4,
WATER_PERCENT,"2025-11-29 09:26:36",58,
FAT_PERCENT,"2025-11-09 10:23:28",13,
FAT_FREE_MASS,"2025-11-09 10:23:28",64,
"Fat Free Percent","2025-11-09 10:23:28",87,
MUSCLE_PERCENT,"2025-11-09 10:23:28",82,
BONE_PERCENT,"2025-11-09 10:23:28",4,
WATER_PERCENT,"2025-11-09 10:23:28",59,
FAT_PERCENT,"2025-10-30 09:05:37",13,
FAT_FREE_MASS,"2025-10-30 09:05:37",64,
"Fat Free Percent","2025-10-30 09:05:37",87,
MUSCLE_PERCENT,"2025-10-30 09:05:37",82,
BONE_PERCENT,"2025-10-30 09:05:37",4,
WATER_PERCENT,"2025-10-30 09:05:37",59,
FAT_PERCENT,"2025-10-12 10:45:50",14,
FAT_FREE_MASS,"2025-10-12 10:45:50",63,
"Fat Free Percent","2025-10-12 10:45:50",86,
MUSCLE_PERCENT,"2025-10-12 10:45:50",82,
BONE_PERCENT,"2025-10-12 10:45:50",4,
WATER_PERCENT,"2025-10-12 10:45:50",58,
FAT_PERCENT,"2025-10-02 07:34:49",14,
FAT_FREE_MASS,"2025-10-02 07:34:49",64,
"Fat Free Percent","2025-10-02 07:34:49",86,
MUSCLE_PERCENT,"2025-10-02 07:34:49",82,
BONE_PERCENT,"2025-10-02 07:34:49",4,
WATER_PERCENT,"2025-10-02 07:34:49",58,
FAT_PERCENT,"2025-09-30 11:33:01",13,
FAT_FREE_MASS,"2025-09-30 11:33:01",64,
"Fat Free Percent","2025-09-30 11:33:01",87,
MUSCLE_PERCENT,"2025-09-30 11:33:01",82,
BONE_PERCENT,"2025-09-30 11:33:01",4,
WATER_PERCENT,"2025-09-30 11:33:01",59,
FAT_PERCENT,"2025-09-20 07:59:40",13,
FAT_FREE_MASS,"2025-09-20 07:59:40",63,
"Fat Free Percent","2025-09-20 07:59:40",87,
MUSCLE_PERCENT,"2025-09-20 07:59:40",82,
BONE_PERCENT,"2025-09-20 07:59:40",4,
WATER_PERCENT,"2025-09-20 07:59:40",59,
FAT_PERCENT,"2025-09-05 08:53:03",13,
FAT_FREE_MASS,"2025-09-05 08:53:03",62,
"Fat Free Percent","2025-09-05 08:53:03",87,
MUSCLE_PERCENT,"2025-09-05 08:53:03",83,
BONE_PERCENT,"2025-09-05 08:53:03",4,
WATER_PERCENT,"2025-09-05 08:53:03",59,
FAT_PERCENT,"2025-09-04 08:04:20",13,
FAT_FREE_MASS,"2025-09-04 08:04:20",62,
"Fat Free Percent","2025-09-04 08:04:20",87,
MUSCLE_PERCENT,"2025-09-04 08:04:20",82,
BONE_PERCENT,"2025-09-04 08:04:20",4,
WATER_PERCENT,"2025-09-04 08:04:20",58,
FAT_PERCENT,"2025-09-02 07:58:02",13,
FAT_FREE_MASS,"2025-09-02 07:58:02",63,
"Fat Free Percent","2025-09-02 07:58:02",87,
MUSCLE_PERCENT,"2025-09-02 07:58:02",83,
BONE_PERCENT,"2025-09-02 07:58:02",4,
WATER_PERCENT,"2025-09-02 07:58:02",59,
FAT_PERCENT,"2025-08-31 08:21:25",13,
FAT_FREE_MASS,"2025-08-31 08:21:25",64,
"Fat Free Percent","2025-08-31 08:21:25",87,
MUSCLE_PERCENT,"2025-08-31 08:21:25",83,
BONE_PERCENT,"2025-08-31 08:21:25",4,
WATER_PERCENT,"2025-08-31 08:21:25",59,
FAT_PERCENT,"2025-08-29 07:41:56",13,
FAT_FREE_MASS,"2025-08-29 07:41:56",64,
"Fat Free Percent","2025-08-29 07:41:56",87,
MUSCLE_PERCENT,"2025-08-29 07:41:56",82,
BONE_PERCENT,"2025-08-29 07:41:56",4,
WATER_PERCENT,"2025-08-29 07:41:56",59,
FAT_PERCENT,"2025-08-25 16:58:51",13,
FAT_FREE_MASS,"2025-08-25 16:58:51",63,
"Fat Free Percent","2025-08-25 16:58:51",87,
MUSCLE_PERCENT,"2025-08-25 16:58:51",83,
BONE_PERCENT,"2025-08-25 16:58:51",4,
WATER_PERCENT,"2025-08-25 16:58:51",59,
FAT_PERCENT,"2025-08-24 09:57:18",13,
FAT_FREE_MASS,"2025-08-24 09:57:18",63,
"Fat Free Percent","2025-08-24 09:57:18",87,
MUSCLE_PERCENT,"2025-08-24 09:57:18",82,
BONE_PERCENT,"2025-08-24 09:57:18",4,
WATER_PERCENT,"2025-08-24 09:57:18",59,
FAT_PERCENT,"2025-08-24 09:50:16",13,
FAT_FREE_MASS,"2025-08-24 09:50:16",64,
"Fat Free Percent","2025-08-24 09:50:16",87,
MUSCLE_PERCENT,"2025-08-24 09:50:16",82,
BONE_PERCENT,"2025-08-24 09:50:16",4,
WATER_PERCENT,"2025-08-24 09:50:16",59,
FAT_PERCENT,"2025-08-23 09:13:59",13,
FAT_FREE_MASS,"2025-08-23 09:13:59",63,
"Fat Free Percent","2025-08-23 09:13:59",87,
MUSCLE_PERCENT,"2025-08-23 09:13:59",82,
BONE_PERCENT,"2025-08-23 09:13:59",4,
WATER_PERCENT,"2025-08-23 09:13:59",59,
FAT_PERCENT,"2025-08-19 11:18:02",13,
FAT_FREE_MASS,"2025-08-19 11:18:02",63,
"Fat Free Percent","2025-08-19 11:18:02",87,
MUSCLE_PERCENT,"2025-08-19 11:18:02",83,
BONE_PERCENT,"2025-08-19 11:18:02",4,
WATER_PERCENT,"2025-08-19 11:18:02",59,
FAT_PERCENT,"2025-08-18 10:43:05",13,
FAT_FREE_MASS,"2025-08-18 10:43:05",63,
"Fat Free Percent","2025-08-18 10:43:05",87,
MUSCLE_PERCENT,"2025-08-18 10:43:05",83,
BONE_PERCENT,"2025-08-18 10:43:05",4,
WATER_PERCENT,"2025-08-18 10:43:05",59,
FAT_PERCENT,"2025-08-16 09:58:30",13,
FAT_FREE_MASS,"2025-08-16 09:58:30",63,
"Fat Free Percent","2025-08-16 09:58:30",87,
MUSCLE_PERCENT,"2025-08-16 09:58:30",83,
BONE_PERCENT,"2025-08-16 09:58:30",4,
WATER_PERCENT,"2025-08-16 09:58:30",59,
FAT_PERCENT,"2025-08-15 07:24:44",13,
FAT_FREE_MASS,"2025-08-15 07:24:44",64,
"Fat Free Percent","2025-08-15 07:24:44",87,
MUSCLE_PERCENT,"2025-08-15 07:24:44",83,
BONE_PERCENT,"2025-08-15 07:24:44",4,
WATER_PERCENT,"2025-08-15 07:24:44",59,
FAT_PERCENT,"2025-08-12 10:53:37",13,
FAT_FREE_MASS,"2025-08-12 10:53:37",63,
"Fat Free Percent","2025-08-12 10:53:37",87,
MUSCLE_PERCENT,"2025-08-12 10:53:37",83,
BONE_PERCENT,"2025-08-12 10:53:37",4,
WATER_PERCENT,"2025-08-12 10:53:37",59,
FAT_PERCENT,"2025-08-09 09:41:13",13,
FAT_FREE_MASS,"2025-08-09 09:41:13",63,
"Fat Free Percent","2025-08-09 09:41:13",87,
MUSCLE_PERCENT,"2025-08-09 09:41:13",82,
BONE_PERCENT,"2025-08-09 09:41:13",4,
WATER_PERCENT,"2025-08-09 09:41:13",58,
FAT_PERCENT,"2025-08-03 09:50:46",13,
FAT_FREE_MASS,"2025-08-03 09:50:46",63,
"Fat Free Percent","2025-08-03 09:50:46",87,
MUSCLE_PERCENT,"2025-08-03 09:50:46",83,
BONE_PERCENT,"2025-08-03 09:50:46",4,
WATER_PERCENT,"2025-08-03 09:50:46",59,
FAT_PERCENT,"2025-07-27 11:29:59",12,
FAT_FREE_MASS,"2025-07-27 11:29:59",63,
"Fat Free Percent","2025-07-27 11:29:59",88,
MUSCLE_PERCENT,"2025-07-27 11:29:59",83,
BONE_PERCENT,"2025-07-27 11:29:59",4,
WATER_PERCENT,"2025-07-27 11:29:59",60,
FAT_PERCENT,"2025-07-25 11:09:17",13,
FAT_FREE_MASS,"2025-07-25 11:09:17",62,
"Fat Free Percent","2025-07-25 11:09:17",87,
MUSCLE_PERCENT,"2025-07-25 11:09:17",83,
BONE_PERCENT,"2025-07-25 11:09:17",4,
WATER_PERCENT,"2025-07-25 11:09:17",59,
FAT_PERCENT,"2025-07-16 08:09:04",13,
FAT_FREE_MASS,"2025-07-16 08:09:04",63,
"Fat Free Percent","2025-07-16 08:09:04",87,
MUSCLE_PERCENT,"2025-07-16 08:09:04",83,
BONE_PERCENT,"2025-07-16 08:09:04",4,
WATER_PERCENT,"2025-07-16 08:09:04",59,
FAT_PERCENT,"2025-07-15 07:49:13",12,
FAT_FREE_MASS,"2025-07-15 07:49:13",63,
"Fat Free Percent","2025-07-15 07:49:13",88,
MUSCLE_PERCENT,"2025-07-15 07:49:13",83,
BONE_PERCENT,"2025-07-15 07:49:13",4,
WATER_PERCENT,"2025-07-15 07:49:13",60,
FAT_PERCENT,"2025-07-03 09:12:54",12,
FAT_FREE_MASS,"2025-07-03 09:12:54",62,
"Fat Free Percent","2025-07-03 09:12:54",88,
MUSCLE_PERCENT,"2025-07-03 09:12:54",84,
BONE_PERCENT,"2025-07-03 09:12:54",4,
WATER_PERCENT,"2025-07-03 09:12:54",60,
FAT_PERCENT,"2025-06-17 07:17:47",13,
FAT_FREE_MASS,"2025-06-17 07:17:47",64,
"Fat Free Percent","2025-06-17 07:17:47",87,
MUSCLE_PERCENT,"2025-06-17 07:17:47",83,
BONE_PERCENT,"2025-06-17 07:17:47",4,
WATER_PERCENT,"2025-06-17 07:17:47",59,
FAT_PERCENT,"2025-06-09 15:34:30",12,
FAT_FREE_MASS,"2025-06-09 15:34:30",62,
"Fat Free Percent","2025-06-09 15:34:30",88,
MUSCLE_PERCENT,"2025-06-09 15:34:30",84,
BONE_PERCENT,"2025-06-09 15:34:30",4,
WATER_PERCENT,"2025-06-09 15:34:30",60,
FAT_PERCENT,"2025-04-27 08:53:44",12,
FAT_FREE_MASS,"2025-04-27 08:53:44",63,
"Fat Free Percent","2025-04-27 08:53:44",88,
MUSCLE_PERCENT,"2025-04-27 08:53:44",83,
BONE_PERCENT,"2025-04-27 08:53:44",4,
WATER_PERCENT,"2025-04-27 08:53:44",59,
FAT_PERCENT,"2025-04-15 15:33:26",11,
FAT_FREE_MASS,"2025-04-15 15:33:26",64,
"Fat Free Percent","2025-04-15 15:33:26",89,
MUSCLE_PERCENT,"2025-04-15 15:33:26",84,
BONE_PERCENT,"2025-04-15 15:33:26",4,
WATER_PERCENT,"2025-04-15 15:33:26",61,
FAT_PERCENT,"2025-04-14 09:18:01",12,
FAT_FREE_MASS,"2025-04-14 09:18:01",64,
"Fat Free Percent","2025-04-14 09:18:01",88,
MUSCLE_PERCENT,"2025-04-14 09:18:01",84,
BONE_PERCENT,"2025-04-14 09:18:01",4,
WATER_PERCENT,"2025-04-14 09:18:01",60,
FAT_PERCENT,"2025-04-13 22:49:55",11,
FAT_FREE_MASS,"2025-04-13 22:49:55",65,
"Fat Free Percent","2025-04-13 22:49:55",89,
MUSCLE_PERCENT,"2025-04-13 22:49:55",84,
BONE_PERCENT,"2025-04-13 22:49:55",4,
WATER_PERCENT,"2025-04-13 22:49:55",61,
FAT_PERCENT,"2025-03-07 09:36:15",12,
FAT_FREE_MASS,"2025-03-07 09:36:15",63,
"Fat Free Percent","2025-03-07 09:36:15",88,
MUSCLE_PERCENT,"2025-03-07 09:36:15",83,
BONE_PERCENT,"2025-03-07 09:36:15",4,
WATER_PERCENT,"2025-03-07 09:36:15",59,
FAT_PERCENT,"2025-02-23 10:26:43",11,
FAT_FREE_MASS,"2025-02-23 10:26:43",62,
"Fat Free Percent","2025-02-23 10:26:43",89,
MUSCLE_PERCENT,"2025-02-23 10:26:43",84,
BONE_PERCENT,"2025-02-23 10:26:43",4,
WATER_PERCENT,"2025-02-23 10:26:43",61,
FAT_PERCENT,"2025-02-10 11:25:42",11,
FAT_FREE_MASS,"2025-02-10 11:25:42",62,
"Fat Free Percent","2025-02-10 11:25:42",89,
MUSCLE_PERCENT,"2025-02-10 11:25:42",84,
BONE_PERCENT,"2025-02-10 11:25:42",4,
WATER_PERCENT,"2025-02-10 11:25:42",61,
FAT_PERCENT,"2025-01-29 11:09:55",11,
FAT_FREE_MASS,"2025-01-29 11:09:55",62,
"Fat Free Percent","2025-01-29 11:09:55",89,
MUSCLE_PERCENT,"2025-01-29 11:09:55",84,
BONE_PERCENT,"2025-01-29 11:09:55",4,
WATER_PERCENT,"2025-01-29 11:09:55",60,
FAT_PERCENT,"2025-01-28 11:27:42",11,
FAT_FREE_MASS,"2025-01-28 11:27:42",62,
"Fat Free Percent","2025-01-28 11:27:42",89,
MUSCLE_PERCENT,"2025-01-28 11:27:42",84,
BONE_PERCENT,"2025-01-28 11:27:42",4,
WATER_PERCENT,"2025-01-28 11:27:42",61,
FAT_PERCENT,"2025-01-26 11:01:48",11,
FAT_FREE_MASS,"2025-01-26 11:01:48",63,
"Fat Free Percent","2025-01-26 11:01:48",89,
MUSCLE_PERCENT,"2025-01-26 11:01:48",84,
BONE_PERCENT,"2025-01-26 11:01:48",4,
WATER_PERCENT,"2025-01-26 11:01:48",61,
FAT_PERCENT,"2025-01-19 21:39:02",10,
FAT_FREE_MASS,"2025-01-19 21:39:02",62,
"Fat Free Percent","2025-01-19 21:39:02",90,
MUSCLE_PERCENT,"2025-01-19 21:39:02",85,
BONE_PERCENT,"2025-01-19 21:39:02",4,
WATER_PERCENT,"2025-01-19 21:39:02",62,
FAT_PERCENT,"2025-01-16 11:41:40",11,
FAT_FREE_MASS,"2025-01-16 11:41:40",62,
"Fat Free Percent","2025-01-16 11:41:40",89,
MUSCLE_PERCENT,"2025-01-16 11:41:40",85,
BONE_PERCENT,"2025-01-16 11:41:40",4,
WATER_PERCENT,"2025-01-16 11:41:40",61,
FAT_PERCENT,"2025-01-11 11:47:37",11,
FAT_FREE_MASS,"2025-01-11 11:47:37",62,
"Fat Free Percent","2025-01-11 11:47:37",89,
MUSCLE_PERCENT,"2025-01-11 11:47:37",84,
BONE_PERCENT,"2025-01-11 11:47:37",4,
WATER_PERCENT,"2025-01-11 11:47:37",60,
FAT_PERCENT,"2024-12-24 09:59:44",11,
FAT_FREE_MASS,"2024-12-24 09:59:44",62,
"Fat Free Percent","2024-12-24 09:59:44",89,
MUSCLE_PERCENT,"2024-12-24 09:59:44",85,
BONE_PERCENT,"2024-12-24 09:59:44",4,
WATER_PERCENT,"2024-12-24 09:59:44",61,
FAT_PERCENT,"2024-12-08 08:09:29",11,
FAT_FREE_MASS,"2024-12-08 08:09:29",63,
"Fat Free Percent","2024-12-08 08:09:29",89,
MUSCLE_PERCENT,"2024-12-08 08:09:29",85,
BONE_PERCENT,"2024-12-08 08:09:29",4,
WATER_PERCENT,"2024-12-08 08:09:29",61,
FAT_PERCENT,"2024-12-07 10:13:37",11,
FAT_FREE_MASS,"2024-12-07 10:13:37",62,
"Fat Free Percent","2024-12-07 10:13:37",89,
MUSCLE_PERCENT,"2024-12-07 10:13:37",85,
BONE_PERCENT,"2024-12-07 10:13:37",4,
WATER_PERCENT,"2024-12-07 10:13:37",61,
FAT_PERCENT,"2024-12-05 10:51:09",11,
FAT_FREE_MASS,"2024-12-05 10:51:09",62,
"Fat Free Percent","2024-12-05 10:51:09",89,
MUSCLE_PERCENT,"2024-12-05 10:51:09",85,
BONE_PERCENT,"2024-12-05 10:51:09",4,
WATER_PERCENT,"2024-12-05 10:51:09",61,
FAT_PERCENT,"2024-12-04 00:26:24",9,
FAT_FREE_MASS,"2024-12-04 00:26:24",64,
"Fat Free Percent","2024-12-04 00:26:24",91,
MUSCLE_PERCENT,"2024-12-04 00:26:24",86,
BONE_PERCENT,"2024-12-04 00:26:24",5,
WATER_PERCENT,"2024-12-04 00:26:24",64,
FAT_PERCENT,"2024-11-26 10:56:39",10,
FAT_FREE_MASS,"2024-11-26 10:56:39",62,
"Fat Free Percent","2024-11-26 10:56:39",90,
MUSCLE_PERCENT,"2024-11-26 10:56:39",85,
BONE_PERCENT,"2024-11-26 10:56:39",5,
WATER_PERCENT,"2024-11-26 10:56:39",62,
FAT_PERCENT,"2024-11-25 11:22:37",11,
FAT_FREE_MASS,"2024-11-25 11:22:37",62,
"Fat Free Percent","2024-11-25 11:22:37",89,
MUSCLE_PERCENT,"2024-11-25 11:22:37",85,
BONE_PERCENT,"2024-11-25 11:22:37",4,
WATER_PERCENT,"2024-11-25 11:22:37",61,
FAT_PERCENT,"2024-11-13 08:19:22",11,
FAT_FREE_MASS,"2024-11-13 08:19:22",63,
"Fat Free Percent","2024-11-13 08:19:22",89,
MUSCLE_PERCENT,"2024-11-13 08:19:22",84,
BONE_PERCENT,"2024-11-13 08:19:22",4,
WATER_PERCENT,"2024-11-13 08:19:22",61,
FAT_PERCENT,"2024-11-12 10:39:01",11,
FAT_FREE_MASS,"2024-11-12 10:39:01",62,
"Fat Free Percent","2024-11-12 10:39:01",89,
MUSCLE_PERCENT,"2024-11-12 10:39:01",85,
BONE_PERCENT,"2024-11-12 10:39:01",4,
WATER_PERCENT,"2024-11-12 10:39:01",61,
FAT_PERCENT,"2024-11-08 08:43:08",10,
FAT_FREE_MASS,"2024-11-08 08:43:08",62,
"Fat Free Percent","2024-11-08 08:43:08",90,
MUSCLE_PERCENT,"2024-11-08 08:43:08",85,
BONE_PERCENT,"2024-11-08 08:43:08",4,
WATER_PERCENT,"2024-11-08 08:43:08",61,
FAT_PERCENT,"2024-10-04 13:00:25",11,
FAT_FREE_MASS,"2024-10-04 13:00:25",61,
"Fat Free Percent","2024-10-04 13:00:25",89,
MUSCLE_PERCENT,"2024-10-04 13:00:25",85,
BONE_PERCENT,"2024-10-04 13:00:25",4,
WATER_PERCENT,"2024-10-04 13:00:25",61,
FAT_PERCENT,"2024-10-03 11:27:19",9,
FAT_FREE_MASS,"2024-10-03 11:27:19",62,
"Fat Free Percent","2024-10-03 11:27:19",91,
MUSCLE_PERCENT,"2024-10-03 11:27:19",87,
BONE_PERCENT,"2024-10-03 11:27:19",5,
WATER_PERCENT,"2024-10-03 11:27:19",63,
FAT_PERCENT,"2024-09-28 11:45:01",11,
FAT_FREE_MASS,"2024-09-28 11:45:01",62,
"Fat Free Percent","2024-09-28 11:45:01",89,
MUSCLE_PERCENT,"2024-09-28 11:45:01",85,
BONE_PERCENT,"2024-09-28 11:45:01",4,
WATER_PERCENT,"2024-09-28 11:45:01",61,
FAT_PERCENT,"2024-09-18 10:28:00",10,
FAT_FREE_MASS,"2024-09-18 10:28:00",61,
"Fat Free Percent","2024-09-18 10:28:00",90,
MUSCLE_PERCENT,"2024-09-18 10:28:00",85,
BONE_PERCENT,"2024-09-18 10:28:00",4,
WATER_PERCENT,"2024-09-18 10:28:00",61,
FAT_PERCENT,"2024-09-14 09:41:43",10,
FAT_FREE_MASS,"2024-09-14 09:41:43",62,
"Fat Free Percent","2024-09-14 09:41:43",90,
MUSCLE_PERCENT,"2024-09-14 09:41:43",85,
BONE_PERCENT,"2024-09-14 09:41:43",4,
WATER_PERCENT,"2024-09-14 09:41:43",61,
FAT_PERCENT,"2024-09-13 10:45:15",11,
FAT_FREE_MASS,"2024-09-13 10:45:15",61,
"Fat Free Percent","2024-09-13 10:45:15",89,
MUSCLE_PERCENT,"2024-09-13 10:45:15",85,
BONE_PERCENT,"2024-09-13 10:45:15",4,
WATER_PERCENT,"2024-09-13 10:45:15",61,
FAT_PERCENT,"2024-09-07 09:32:09",11,
FAT_FREE_MASS,"2024-09-07 09:32:09",62,
"Fat Free Percent","2024-09-07 09:32:09",89,
MUSCLE_PERCENT,"2024-09-07 09:32:09",85,
BONE_PERCENT,"2024-09-07 09:32:09",4,
WATER_PERCENT,"2024-09-07 09:32:09",61,
FAT_PERCENT,"2024-09-06 21:34:42",9,
FAT_FREE_MASS,"2024-09-06 21:34:42",63,
"Fat Free Percent","2024-09-06 21:34:42",91,
MUSCLE_PERCENT,"2024-09-06 21:34:42",86,
BONE_PERCENT,"2024-09-06 21:34:42",5,
WATER_PERCENT,"2024-09-06 21:34:42",63,
FAT_PERCENT,"2024-09-03 09:51:39",10,
FAT_FREE_MASS,"2024-09-03 09:51:39",62,
"Fat Free Percent","2024-09-03 09:51:39",90,
MUSCLE_PERCENT,"2024-09-03 09:51:39",85,
BONE_PERCENT,"2024-09-03 09:51:39",5,
WATER_PERCENT,"2024-09-03 09:51:39",62,
FAT_PERCENT,"2024-08-31 10:57:14",10,
FAT_FREE_MASS,"2024-08-31 10:57:14",62,
"Fat Free Percent","2024-08-31 10:57:14",90,
MUSCLE_PERCENT,"2024-08-31 10:57:14",85,
BONE_PERCENT,"2024-08-31 10:57:14",5,
WATER_PERCENT,"2024-08-31 10:57:14",62,
FAT_PERCENT,"2024-08-29 09:55:57",10,
FAT_FREE_MASS,"2024-08-29 09:55:57",62,
"Fat Free Percent","2024-08-29 09:55:57",90,
MUSCLE_PERCENT,"2024-08-29 09:55:57",86,
BONE_PERCENT,"2024-08-29 09:55:57",5,
WATER_PERCENT,"2024-08-29 09:55:57",62,
FAT_PERCENT,"2024-07-16 12:24:48",9,
FAT_FREE_MASS,"2024-07-16 12:24:48",60,
"Fat Free Percent","2024-07-16 12:24:48",91,
MUSCLE_PERCENT,"2024-07-16 12:24:48",86,
BONE_PERCENT,"2024-07-16 12:24:48",5,
WATER_PERCENT,"2024-07-16 12:24:48",62,
FAT_PERCENT,"2024-05-27 01:52:52",9,
FAT_FREE_MASS,"2024-05-27 01:52:52",63,
"Fat Free Percent","2024-05-27 01:52:52",91,
MUSCLE_PERCENT,"2024-05-27 01:52:52",87,
BONE_PERCENT,"2024-05-27 01:52:52",5,
WATER_PERCENT,"2024-05-27 01:52:52",64,
FAT_PERCENT,"2024-05-02 07:28:54",9,
FAT_FREE_MASS,"2024-05-02 07:28:54",61,
"Fat Free Percent","2024-05-02 07:28:54",91,
MUSCLE_PERCENT,"2024-05-02 07:28:54",86,
BONE_PERCENT,"2024-05-02 07:28:54",5,
WATER_PERCENT,"2024-05-02 07:28:54",62,
FAT_PERCENT,"2024-04-24 01:18:08",9,
FAT_FREE_MASS,"2024-04-24 01:18:08",62,
"Fat Free Percent","2024-04-24 01:18:08",91,
MUSCLE_PERCENT,"2024-04-24 01:18:08",87,
BONE_PERCENT,"2024-04-24 01:18:08",5,
WATER_PERCENT,"2024-04-24 01:18:08",64,
FAT_PERCENT,"2024-03-26 08:58:41",9,
FAT_FREE_MASS,"2024-03-26 08:58:41",61,
"Fat Free Percent","2024-03-26 08:58:41",91,
MUSCLE_PERCENT,"2024-03-26 08:58:41",86,
BONE_PERCENT,"2024-03-26 08:58:41",5,
WATER_PERCENT,"2024-03-26 08:58:41",63,
FAT_PERCENT,"2024-02-22 03:56:20",9,
FAT_FREE_MASS,"2024-02-22 03:56:20",61,
"Fat Free Percent","2024-02-22 03:56:20",91,
MUSCLE_PERCENT,"2024-02-22 03:56:20",87,
BONE_PERCENT,"2024-02-22 03:56:20",5,
WATER_PERCENT,"2024-02-22 03:56:20",63,
FAT_PERCENT,"2024-01-23 19:23:15",8,
FAT_FREE_MASS,"2024-01-23 19:23:15",61,
"Fat Free Percent","2024-01-23 19:23:15",92,
MUSCLE_PERCENT,"2024-01-23 19:23:15",87,
BONE_PERCENT,"2024-01-23 19:23:15",5,
WATER_PERCENT,"2024-01-23 19:23:15",64,
FAT_PERCENT,"2024-01-21 10:24:42",8,
FAT_FREE_MASS,"2024-01-21 10:24:42",59,
"Fat Free Percent","2024-01-21 10:24:42",92,
MUSCLE_PERCENT,"2024-01-21 10:24:42",87,
BONE_PERCENT,"2024-01-21 10:24:42",5,
WATER_PERCENT,"2024-01-21 10:24:42",63,
FAT_PERCENT,"2024-01-18 11:08:04",5,
FAT_FREE_MASS,"2024-01-18 11:08:04",61,
"Fat Free Percent","2024-01-18 11:08:04",95,
MUSCLE_PERCENT,"2024-01-18 11:08:04",90,
BONE_PERCENT,"2024-01-18 11:08:04",5,
WATER_PERCENT,"2024-01-18 11:08:04",72,
FAT_PERCENT,"2024-01-12 11:42:47",8,
FAT_FREE_MASS,"2024-01-12 11:42:47",60,
"Fat Free Percent","2024-01-12 11:42:47",92,
MUSCLE_PERCENT,"2024-01-12 11:42:47",87,
BONE_PERCENT,"2024-01-12 11:42:47",5,
WATER_PERCENT,"2024-01-12 11:42:47",64,
FAT_PERCENT,"2024-01-04 03:25:02",7,
FAT_FREE_MASS,"2024-01-04 03:25:02",61,
"Fat Free Percent","2024-01-04 03:25:02",93,
MUSCLE_PERCENT,"2024-01-04 03:25:02",88,
BONE_PERCENT,"2024-01-04 03:25:02",5,
WATER_PERCENT,"2024-01-04 03:25:02",67,
FAT_PERCENT,"2023-12-23 10:10:43",8,
FAT_FREE_MASS,"2023-12-23 10:10:43",59,
"Fat Free Percent","2023-12-23 10:10:43",92,
MUSCLE_PERCENT,"2023-12-23 10:10:43",88,
BONE_PERCENT,"2023-12-23 10:10:43",5,
WATER_PERCENT,"2023-12-23 10:10:43",63,
FAT_PERCENT,"2023-12-15 12:58:01",7,
FAT_FREE_MASS,"2023-12-15 12:58:01",59,
"Fat Free Percent","2023-12-15 12:58:01",93,
MUSCLE_PERCENT,"2023-12-15 12:58:01",88,
BONE_PERCENT,"2023-12-15 12:58:01",5,
WATER_PERCENT,"2023-12-15 12:58:01",64,
FAT_PERCENT,"2023-11-12 12:24:57",9,
FAT_FREE_MASS,"2023-11-12 12:24:57",59,
"Fat Free Percent","2023-11-12 12:24:57",91,
MUSCLE_PERCENT,"2023-11-12 12:24:57",87,
BONE_PERCENT,"2023-11-12 12:24:57",5,
WATER_PERCENT,"2023-11-12 12:24:57",62,
FAT_PERCENT,"2023-11-12 12:24:21",8,
FAT_FREE_MASS,"2023-11-12 12:24:21",59,
"Fat Free Percent","2023-11-12 12:24:21",92,
MUSCLE_PERCENT,"2023-11-12 12:24:21",87,
BONE_PERCENT,"2023-11-12 12:24:21",5,
WATER_PERCENT,"2023-11-12 12:24:21",62,
FAT_PERCENT,"2023-10-30 01:19:11",8,
FAT_FREE_MASS,"2023-10-30 01:19:11",61,
"Fat Free Percent","2023-10-30 01:19:11",92,
MUSCLE_PERCENT,"2023-10-30 01:19:11",87,
BONE_PERCENT,"2023-10-30 01:19:11",5,
WATER_PERCENT,"2023-10-30 01:19:11",65,
FAT_PERCENT,"2023-10-29 02:28:16",8,
FAT_FREE_MASS,"2023-10-29 02:28:16",61,
"Fat Free Percent","2023-10-29 02:28:16",92,
MUSCLE_PERCENT,"2023-10-29 02:28:16",87,
BONE_PERCENT,"2023-10-29 02:28:16",5,
WATER_PERCENT,"2023-10-29 02:28:16",64,
FAT_PERCENT,"2023-10-14 07:24:14",9,
FAT_FREE_MASS,"2023-10-14 07:24:14",61,
"Fat Free Percent","2023-10-14 07:24:14",91,
MUSCLE_PERCENT,"2023-10-14 07:24:14",87,
BONE_PERCENT,"2023-10-14 07:24:14",5,
WATER_PERCENT,"2023-10-14 07:24:14",63,
FAT_PERCENT,"2023-09-29 09:55:38",9,
FAT_FREE_MASS,"2023-09-29 09:55:38",60,
"Fat Free Percent","2023-09-29 09:55:38",91,
MUSCLE_PERCENT,"2023-09-29 09:55:38",87,
BONE_PERCENT,"2023-09-29 09:55:38",5,
WATER_PERCENT,"2023-09-29 09:55:38",63,
FAT_PERCENT,"2023-09-24 22:33:06",8,
FAT_FREE_MASS,"2023-09-24 22:33:06",61,
"Fat Free Percent","2023-09-24 22:33:06",92,
MUSCLE_PERCENT,"2023-09-24 22:33:06",87,
BONE_PERCENT,"2023-09-24 22:33:06",5,
WATER_PERCENT,"2023-09-24 22:33:06",64,
FAT_PERCENT,"2023-09-24 22:12:56",8,
FAT_FREE_MASS,"2023-09-24 22:12:56",61,
"Fat Free Percent","2023-09-24 22:12:56",92,
MUSCLE_PERCENT,"2023-09-24 22:12:56",87,
BONE_PERCENT,"2023-09-24 22:12:56",5,
WATER_PERCENT,"2023-09-24 22:12:56",64,
FAT_PERCENT,"2023-09-22 01:31:13",9,
FAT_FREE_MASS,"2023-09-22 01:31:13",62,
"Fat Free Percent","2023-09-22 01:31:13",91,
MUSCLE_PERCENT,"2023-09-22 01:31:13",87,
BONE_PERCENT,"2023-09-22 01:31:13",5,
WATER_PERCENT,"2023-09-22 01:31:13",64,
FAT_PERCENT,"2023-09-21 07:26:24",9,
FAT_FREE_MASS,"2023-09-21 07:26:24",61,
"Fat Free Percent","2023-09-21 07:26:24",91,
MUSCLE_PERCENT,"2023-09-21 07:26:24",87,
BONE_PERCENT,"2023-09-21 07:26:24",5,
WATER_PERCENT,"2023-09-21 07:26:24",63,
FAT_PERCENT,"2023-09-20 03:11:50",8,
FAT_FREE_MASS,"2023-09-20 03:11:50",61,
"Fat Free Percent","2023-09-20 03:11:50",92,
MUSCLE_PERCENT,"2023-09-20 03:11:50",87,
BONE_PERCENT,"2023-09-20 03:11:50",5,
WATER_PERCENT,"2023-09-20 03:11:50",65,
FAT_PERCENT,"2023-09-13 09:38:36",8,
FAT_FREE_MASS,"2023-09-13 09:38:36",60,
"Fat Free Percent","2023-09-13 09:38:36",92,
MUSCLE_PERCENT,"2023-09-13 09:38:36",87,
BONE_PERCENT,"2023-09-13 09:38:36",5,
WATER_PERCENT,"2023-09-13 09:38:36",63,
FAT_PERCENT,"2023-09-13 08:03:51",9,
FAT_FREE_MASS,"2023-09-13 08:03:51",60,
"Fat Free Percent","2023-09-13 08:03:51",91,
MUSCLE_PERCENT,"2023-09-13 08:03:51",87,
BONE_PERCENT,"2023-09-13 08:03:51",5,
WATER_PERCENT,"2023-09-13 08:03:51",63,
FAT_PERCENT,"2023-09-11 02:43:16",8,
FAT_FREE_MASS,"2023-09-11 02:43:16",62,
"Fat Free Percent","2023-09-11 02:43:16",92,
MUSCLE_PERCENT,"2023-09-11 02:43:16",87,
BONE_PERCENT,"2023-09-11 02:43:16",5,
WATER_PERCENT,"2023-09-11 02:43:16",65,
FAT_PERCENT,"2023-09-10 10:32:27",9,
FAT_FREE_MASS,"2023-09-10 10:32:27",61,
"Fat Free Percent","2023-09-10 10:32:27",91,
MUSCLE_PERCENT,"2023-09-10 10:32:27",87,
BONE_PERCENT,"2023-09-10 10:32:27",5,
WATER_PERCENT,"2023-09-10 10:32:27",63,
"Vascular age","2023-09-09 11:27:27",26,
FAT_PERCENT,"2023-09-09 11:27:27",8,
FAT_FREE_MASS,"2023-09-09 11:27:27",60,
"Fat Free Percent","2023-09-09 11:27:27",92,
MUSCLE_PERCENT,"2023-09-09 11:27:27",87,
BONE_PERCENT,"2023-09-09 11:27:27",5,
WATER_PERCENT,"2023-09-09 11:27:27",63,
FAT_PERCENT,"2023-09-09 11:26:52",8,
FAT_FREE_MASS,"2023-09-09 11:26:52",60,
"Fat Free Percent","2023-09-09 11:26:52",92,
MUSCLE_PERCENT,"2023-09-09 11:26:52",87,
BONE_PERCENT,"2023-09-09 11:26:52",5,
WATER_PERCENT,"2023-09-09 11:26:52",63,
"PWV Reached count","2023-09-09 11:26:15","1,284",
"VA Reached count","2023-09-09 11:26:15","1,284",
FAT_PERCENT,"2023-09-09 11:26:15",8,
FAT_FREE_MASS,"2023-09-09 11:26:15",60,
"Fat Free Percent","2023-09-09 11:26:15",92,
MUSCLE_PERCENT,"2023-09-09 11:26:15",87,
BONE_PERCENT,"2023-09-09 11:26:15",5,
WATER_PERCENT,"2023-09-09 11:26:15",63,
FAT_PERCENT,"2023-09-09 01:33:25",7,
FAT_FREE_MASS,"2023-09-09 01:33:25",61,
"Fat Free Percent","2023-09-09 01:33:25",93,
MUSCLE_PERCENT,"2023-09-09 01:33:25",88,
BONE_PERCENT,"2023-09-09 01:33:25",5,
WATER_PERCENT,"2023-09-09 01:33:25",66,
FAT_PERCENT,"2023-09-06 09:32:06",8,
FAT_FREE_MASS,"2023-09-06 09:32:06",61,
"Fat Free Percent","2023-09-06 09:32:06",92,
MUSCLE_PERCENT,"2023-09-06 09:32:06",87,
BONE_PERCENT,"2023-09-06 09:32:06",5,
WATER_PERCENT,"2023-09-06 09:32:06",63,
FAT_PERCENT,"2023-08-26 01:49:50",7,
FAT_FREE_MASS,"2023-08-26 01:49:50",62,
"Fat Free Percent","2023-08-26 01:49:50",93,
MUSCLE_PERCENT,"2023-08-26 01:49:50",88,
BONE_PERCENT,"2023-08-26 01:49:50",5,
WATER_PERCENT,"2023-08-26 01:49:50",66,
FAT_PERCENT,"2023-08-20 07:09:27",9,
FAT_FREE_MASS,"2023-08-20 07:09:27",61,
"Fat Free Percent","2023-08-20 07:09:27",91,
MUSCLE_PERCENT,"2023-08-20 07:09:27",87,
BONE_PERCENT,"2023-08-20 07:09:27",5,
WATER_PERCENT,"2023-08-20 07:09:27",63,
FAT_PERCENT,"2023-08-19 01:53:42",7,
FAT_FREE_MASS,"2023-08-19 01:53:42",62,
"Fat Free Percent","2023-08-19 01:53:42",93,
MUSCLE_PERCENT,"2023-08-19 01:53:42",88,
BONE_PERCENT,"2023-08-19 01:53:42",5,
WATER_PERCENT,"2023-08-19 01:53:42",66,
FAT_PERCENT,"2023-08-18 08:33:24",8,
FAT_FREE_MASS,"2023-08-18 08:33:24",61,
"Fat Free Percent","2023-08-18 08:33:24",92,
MUSCLE_PERCENT,"2023-08-18 08:33:24",87,
BONE_PERCENT,"2023-08-18 08:33:24",5,
WATER_PERCENT,"2023-08-18 08:33:24",64,
"PWV Reached count","2023-08-17 01:11:56","1,283",
"VA Reached count","2023-08-17 01:11:56","1,283",
FAT_PERCENT,"2023-08-17 01:11:56",7,
FAT_FREE_MASS,"2023-08-17 01:11:56",61,
"Fat Free Percent","2023-08-17 01:11:56",93,
MUSCLE_PERCENT,"2023-08-17 01:11:56",88,
BONE_PERCENT,"2023-08-17 01:11:56",5,
WATER_PERCENT,"2023-08-17 01:11:56",66,
FAT_PERCENT,"2023-08-03 23:21:05",9,
FAT_FREE_MASS,"2023-08-03 23:21:05",60,
"Fat Free Percent","2023-08-03 23:21:05",91,
MUSCLE_PERCENT,"2023-08-03 23:21:05",86,
BONE_PERCENT,"2023-08-03 23:21:05",5,
WATER_PERCENT,"2023-08-03 23:21:05",62,
FAT_PERCENT,"2023-07-22 01:46:33",8,
FAT_FREE_MASS,"2023-07-22 01:46:33",61,
"Fat Free Percent","2023-07-22 01:46:33",92,
MUSCLE_PERCENT,"2023-07-22 01:46:33",87,
BONE_PERCENT,"2023-07-22 01:46:33",5,
WATER_PERCENT,"2023-07-22 01:46:33",64,
FAT_PERCENT,"2023-07-19 10:04:21",9,
FAT_FREE_MASS,"2023-07-19 10:04:21",61,
"Fat Free Percent","2023-07-19 10:04:21",91,
MUSCLE_PERCENT,"2023-07-19 10:04:21",86,
BONE_PERCENT,"2023-07-19 10:04:21",5,
WATER_PERCENT,"2023-07-19 10:04:21",63,
FAT_PERCENT,"2023-07-17 00:01:54",8,
FAT_FREE_MASS,"2023-07-17 00:01:54",62,
"Fat Free Percent","2023-07-17 00:01:54",92,
MUSCLE_PERCENT,"2023-07-17 00:01:54",87,
BONE_PERCENT,"2023-07-17 00:01:54",5,
WATER_PERCENT,"2023-07-17 00:01:54",65,
FAT_PERCENT,"2023-07-14 23:36:38",8,
FAT_FREE_MASS,"2023-07-14 23:36:38",62,
"Fat Free Percent","2023-07-14 23:36:38",92,
MUSCLE_PERCENT,"2023-07-14 23:36:38",87,
BONE_PERCENT,"2023-07-14 23:36:38",5,
WATER_PERCENT,"2023-07-14 23:36:38",65,
FAT_PERCENT,"2023-07-14 02:06:57",7,
FAT_FREE_MASS,"2023-07-14 02:06:57",62,
"Fat Free Percent","2023-07-14 02:06:57",93,
MUSCLE_PERCENT,"2023-07-14 02:06:57",88,
BONE_PERCENT,"2023-07-14 02:06:57",5,
WATER_PERCENT,"2023-07-14 02:06:57",66,
FAT_PERCENT,"2023-07-07 14:53:03",8,
FAT_FREE_MASS,"2023-07-07 14:53:03",61,
"Fat Free Percent","2023-07-07 14:53:03",92,
MUSCLE_PERCENT,"2023-07-07 14:53:03",88,
BONE_PERCENT,"2023-07-07 14:53:03",5,
WATER_PERCENT,"2023-07-07 14:53:03",65,
"Vascular age","2023-07-03 00:02:41",23,
FAT_PERCENT,"2023-07-03 00:02:41",9,
FAT_FREE_MASS,"2023-07-03 00:02:41",63,
"Fat Free Percent","2023-07-03 00:02:41",91,
MUSCLE_PERCENT,"2023-07-03 00:02:41",87,
BONE_PERCENT,"2023-07-03 00:02:41",5,
WATER_PERCENT,"2023-07-03 00:02:41",64,
FAT_PERCENT,"2023-07-03 00:01:53",9,
FAT_FREE_MASS,"2023-07-03 00:01:53",63,
"Fat Free Percent","2023-07-03 00:01:53",91,
MUSCLE_PERCENT,"2023-07-03 00:01:53",87,
BONE_PERCENT,"2023-07-03 00:01:53",5,
WATER_PERCENT,"2023-07-03 00:01:53",65,
"PWV Reached count","2023-07-03 00:01:14","1,283",
"VA Reached count","2023-07-03 00:01:14","1,283",
FAT_PERCENT,"2023-06-26 08:47:40",8,
FAT_FREE_MASS,"2023-06-26 08:47:40",61,
"Fat Free Percent","2023-06-26 08:47:40",92,
MUSCLE_PERCENT,"2023-06-26 08:47:40",87,
BONE_PERCENT,"2023-06-26 08:47:40",5,
WATER_PERCENT,"2023-06-26 08:47:40",63,
FAT_PERCENT,"2023-06-22 10:01:41",8,
FAT_FREE_MASS,"2023-06-22 10:01:41",60,
"Fat Free Percent","2023-06-22 10:01:41",92,
MUSCLE_PERCENT,"2023-06-22 10:01:41",87,
BONE_PERCENT,"2023-06-22 10:01:41",5,
WATER_PERCENT,"2023-06-22 10:01:41",63,
FAT_PERCENT,"2023-06-19 23:18:06",7,
FAT_FREE_MASS,"2023-06-19 23:18:06",62,
"Fat Free Percent","2023-06-19 23:18:06",93,
MUSCLE_PERCENT,"2023-06-19 23:18:06",88,
BONE_PERCENT,"2023-06-19 23:18:06",5,
WATER_PERCENT,"2023-06-19 23:18:06",67,
FAT_PERCENT,"2023-06-16 00:59:08",8,
FAT_FREE_MASS,"2023-06-16 00:59:08",62,
"Fat Free Percent","2023-06-16 00:59:08",92,
MUSCLE_PERCENT,"2023-06-16 00:59:08",88,
BONE_PERCENT,"2023-06-16 00:59:08",5,
WATER_PERCENT,"2023-06-16 00:59:08",65,
FAT_PERCENT,"2023-06-15 00:04:36",8,
FAT_FREE_MASS,"2023-06-15 00:04:36",62,
"Fat Free Percent","2023-06-15 00:04:36",92,
MUSCLE_PERCENT,"2023-06-15 00:04:36",87,
BONE_PERCENT,"2023-06-15 00:04:36",5,
WATER_PERCENT,"2023-06-15 00:04:36",65,
FAT_PERCENT,"2023-06-13 22:43:40",7,
FAT_FREE_MASS,"2023-06-13 22:43:40",61,
"Fat Free Percent","2023-06-13 22:43:40",93,
MUSCLE_PERCENT,"2023-06-13 22:43:40",88,
BONE_PERCENT,"2023-06-13 22:43:40",5,
WATER_PERCENT,"2023-06-13 22:43:40",66,
FAT_PERCENT,"2023-06-13 01:31:44",8,
FAT_FREE_MASS,"2023-06-13 01:31:44",62,
"Fat Free Percent","2023-06-13 01:31:44",92,
MUSCLE_PERCENT,"2023-06-13 01:31:44",87,
BONE_PERCENT,"2023-06-13 01:31:44",5,
WATER_PERCENT,"2023-06-13 01:31:44",65,
FAT_PERCENT,"2023-06-12 10:38:19",9,
FAT_FREE_MASS,"2023-06-12 10:38:19",61,
"Fat Free Percent","2023-06-12 10:38:19",91,
MUSCLE_PERCENT,"2023-06-12 10:38:19",87,
BONE_PERCENT,"2023-06-12 10:38:19",5,
WATER_PERCENT,"2023-06-12 10:38:19",63,
FAT_PERCENT,"2023-06-09 08:05:32",8,
FAT_FREE_MASS,"2023-06-09 08:05:32",61,
"Fat Free Percent","2023-06-09 08:05:32",92,
MUSCLE_PERCENT,"2023-06-09 08:05:32",87,
BONE_PERCENT,"2023-06-09 08:05:32",5,
WATER_PERCENT,"2023-06-09 08:05:32",63,
FAT_PERCENT,"2023-06-09 00:34:27",8,
FAT_FREE_MASS,"2023-06-09 00:34:27",62,
"Fat Free Percent","2023-06-09 00:34:27",92,
MUSCLE_PERCENT,"2023-06-09 00:34:27",88,
BONE_PERCENT,"2023-06-09 00:34:27",5,
WATER_PERCENT,"2023-06-09 00:34:27",66,
FAT_PERCENT,"2023-06-08 09:42:14",9,
FAT_FREE_MASS,"2023-06-08 09:42:14",60,
"Fat Free Percent","2023-06-08 09:42:14",91,
MUSCLE_PERCENT,"2023-06-08 09:42:14",87,
BONE_PERCENT,"2023-06-08 09:42:14",5,
WATER_PERCENT,"2023-06-08 09:42:14",63,
FAT_PERCENT,"2023-06-06 23:35:39",8,
FAT_FREE_MASS,"2023-06-06 23:35:39",61,
"Fat Free Percent","2023-06-06 23:35:39",92,
MUSCLE_PERCENT,"2023-06-06 23:35:39",87,
BONE_PERCENT,"2023-06-06 23:35:39",5,
WATER_PERCENT,"2023-06-06 23:35:39",65,
FAT_PERCENT,"2023-05-27 06:08:52",9,
FAT_FREE_MASS,"2023-05-27 06:08:52",60,
"Fat Free Percent","2023-05-27 06:08:52",91,
MUSCLE_PERCENT,"2023-05-27 06:08:52",87,
BONE_PERCENT,"2023-05-27 06:08:52",5,
WATER_PERCENT,"2023-05-27 06:08:52",63,
FAT_PERCENT,"2023-05-26 23:14:09",8,
FAT_FREE_MASS,"2023-05-26 23:14:09",61,
"Fat Free Percent","2023-05-26 23:14:09",92,
MUSCLE_PERCENT,"2023-05-26 23:14:09",88,
BONE_PERCENT,"2023-05-26 23:14:09",5,
WATER_PERCENT,"2023-05-26 23:14:09",65,
FAT_PERCENT,"2023-05-23 10:51:54",8,
FAT_FREE_MASS,"2023-05-23 10:51:54",61,
"Fat Free Percent","2023-05-23 10:51:54",92,
MUSCLE_PERCENT,"2023-05-23 10:51:54",87,
BONE_PERCENT,"2023-05-23 10:51:54",5,
WATER_PERCENT,"2023-05-23 10:51:54",64,
FAT_PERCENT,"2023-05-22 00:55:44",7,
FAT_FREE_MASS,"2023-05-22 00:55:44",62,
"Fat Free Percent","2023-05-22 00:55:44",93,
MUSCLE_PERCENT,"2023-05-22 00:55:44",88,
BONE_PERCENT,"2023-05-22 00:55:44",5,
WATER_PERCENT,"2023-05-22 00:55:44",66,
"PWV Reached count","2023-05-10 10:02:09","1,284",
"VA Reached count","2023-05-10 10:02:09","1,284",
FAT_PERCENT,"2023-05-10 10:02:09",8,
FAT_FREE_MASS,"2023-05-10 10:02:09",60,
"Fat Free Percent","2023-05-10 10:02:09",92,
MUSCLE_PERCENT,"2023-05-10 10:02:09",87,
BONE_PERCENT,"2023-05-10 10:02:09",5,
WATER_PERCENT,"2023-05-10 10:02:09",63,
FAT_PERCENT,"2023-05-07 11:01:15",9,
FAT_FREE_MASS,"2023-05-07 11:01:15",61,
"Fat Free Percent","2023-05-07 11:01:15",91,
MUSCLE_PERCENT,"2023-05-07 11:01:15",87,
BONE_PERCENT,"2023-05-07 11:01:15",5,
WATER_PERCENT,"2023-05-07 11:01:15",63,
FAT_PERCENT,"2023-05-06 11:39:55",9,
FAT_FREE_MASS,"2023-05-06 11:39:55",60,
"Fat Free Percent","2023-05-06 11:39:55",91,
MUSCLE_PERCENT,"2023-05-06 11:39:55",87,
BONE_PERCENT,"2023-05-06 11:39:55",5,
WATER_PERCENT,"2023-05-06 11:39:55",63,
"PWV Reached count","2023-05-05 11:04:05","1,283",
"VA Reached count","2023-05-05 11:04:05","1,283",
FAT_PERCENT,"2023-04-24 00:44:13",9,
FAT_FREE_MASS,"2023-04-24 00:44:13",63,
"Fat Free Percent","2023-04-24 00:44:13",91,
MUSCLE_PERCENT,"2023-04-24 00:44:13",87,
BONE_PERCENT,"2023-04-24 00:44:13",5,
WATER_PERCENT,"2023-04-24 00:44:13",64,
FAT_PERCENT,"2023-04-22 17:11:32",9,
FAT_FREE_MASS,"2023-04-22 17:11:32",63,
"Fat Free Percent","2023-04-22 17:11:32",91,
MUSCLE_PERCENT,"2023-04-22 17:11:32",87,
BONE_PERCENT,"2023-04-22 17:11:32",5,
WATER_PERCENT,"2023-04-22 17:11:32",64,
FAT_PERCENT,"2023-04-22 10:34:28",9,
FAT_FREE_MASS,"2023-04-22 10:34:28",62,
"Fat Free Percent","2023-04-22 10:34:28",91,
MUSCLE_PERCENT,"2023-04-22 10:34:28",87,
BONE_PERCENT,"2023-04-22 10:34:28",5,
WATER_PERCENT,"2023-04-22 10:34:28",63,
FAT_PERCENT,"2023-04-22 01:15:02",8,
FAT_FREE_MASS,"2023-04-22 01:15:02",62,
"Fat Free Percent","2023-04-22 01:15:02",92,
MUSCLE_PERCENT,"2023-04-22 01:15:02",88,
BONE_PERCENT,"2023-04-22 01:15:02",5,
WATER_PERCENT,"2023-04-22 01:15:02",66,
FAT_PERCENT,"2023-04-20 01:26:44",7,
FAT_FREE_MASS,"2023-04-20 01:26:44",64,
"Fat Free Percent","2023-04-20 01:26:44",93,
MUSCLE_PERCENT,"2023-04-20 01:26:44",88,
BONE_PERCENT,"2023-04-20 01:26:44",5,
WATER_PERCENT,"2023-04-20 01:26:44",68,
FAT_PERCENT,"2023-04-19 10:42:15",8,
FAT_FREE_MASS,"2023-04-19 10:42:15",62,
"Fat Free Percent","2023-04-19 10:42:15",92,
MUSCLE_PERCENT,"2023-04-19 10:42:15",87,
BONE_PERCENT,"2023-04-19 10:42:15",5,
WATER_PERCENT,"2023-04-19 10:42:15",64,
FAT_PERCENT,"2023-04-17 08:31:42",8,
FAT_FREE_MASS,"2023-04-17 08:31:42",61,
"Fat Free Percent","2023-04-17 08:31:42",92,
MUSCLE_PERCENT,"2023-04-17 08:31:42",87,
BONE_PERCENT,"2023-04-17 08:31:42",5,
WATER_PERCENT,"2023-04-17 08:31:42",63,
FAT_PERCENT,"2023-04-14 00:43:49",8,
FAT_FREE_MASS,"2023-04-14 00:43:49",62,
"Fat Free Percent","2023-04-14 00:43:49",92,
MUSCLE_PERCENT,"2023-04-14 00:43:49",87,
BONE_PERCENT,"2023-04-14 00:43:49",5,
WATER_PERCENT,"2023-04-14 00:43:49",64,
FAT_PERCENT,"2023-04-10 11:56:13",8,
FAT_FREE_MASS,"2023-04-10 11:56:13",61,
"Fat Free Percent","2023-04-10 11:56:13",92,
MUSCLE_PERCENT,"2023-04-10 11:56:13",87,
BONE_PERCENT,"2023-04-10 11:56:13",5,
WATER_PERCENT,"2023-04-10 11:56:13",64,
FAT_PERCENT,"2023-04-09 12:41:34",8,
FAT_FREE_MASS,"2023-04-09 12:41:34",61,
"Fat Free Percent","2023-04-09 12:41:34",92,
MUSCLE_PERCENT,"2023-04-09 12:41:34",87,
BONE_PERCENT,"2023-04-09 12:41:34",5,
WATER_PERCENT,"2023-04-09 12:41:34",63,
FAT_PERCENT,"2023-04-04 03:10:59",8,
FAT_FREE_MASS,"2023-04-04 03:10:59",61,
"Fat Free Percent","2023-04-04 03:10:59",92,
MUSCLE_PERCENT,"2023-04-04 03:10:59",88,
BONE_PERCENT,"2023-04-04 03:10:59",5,
WATER_PERCENT,"2023-04-04 03:10:59",65,
FAT_PERCENT,"2023-04-04 01:39:58",8,
FAT_FREE_MASS,"2023-04-04 01:39:58",62,
"Fat Free Percent","2023-04-04 01:39:58",92,
MUSCLE_PERCENT,"2023-04-04 01:39:58",87,
BONE_PERCENT,"2023-04-04 01:39:58",5,
WATER_PERCENT,"2023-04-04 01:39:58",65,
FAT_PERCENT,"2023-03-24 23:05:50",8,
FAT_FREE_MASS,"2023-03-24 23:05:50",62,
"Fat Free Percent","2023-03-24 23:05:50",92,
MUSCLE_PERCENT,"2023-03-24 23:05:50",88,
BONE_PERCENT,"2023-03-24 23:05:50",5,
WATER_PERCENT,"2023-03-24 23:05:50",65,
FAT_PERCENT,"2023-03-24 21:45:08",8,
FAT_FREE_MASS,"2023-03-24 21:45:08",61,
"Fat Free Percent","2023-03-24 21:45:08",92,
MUSCLE_PERCENT,"2023-03-24 21:45:08",88,
BONE_PERCENT,"2023-03-24 21:45:08",5,
WATER_PERCENT,"2023-03-24 21:45:08",65,
FAT_PERCENT,"2023-03-17 03:22:43",7,
FAT_FREE_MASS,"2023-03-17 03:22:43",62,
"Fat Free Percent","2023-03-17 03:22:43",93,
MUSCLE_PERCENT,"2023-03-17 03:22:43",88,
BONE_PERCENT,"2023-03-17 03:22:43",5,
WATER_PERCENT,"2023-03-17 03:22:43",66,
FAT_PERCENT,"2023-03-16 11:52:24",8,
FAT_FREE_MASS,"2023-03-16 11:52:24",60,
"Fat Free Percent","2023-03-16 11:52:24",92,
MUSCLE_PERCENT,"2023-03-16 11:52:24",87,
BONE_PERCENT,"2023-03-16 11:52:24",5,
WATER_PERCENT,"2023-03-16 11:52:24",63,
FAT_PERCENT,"2023-03-13 01:29:11",7,
FAT_FREE_MASS,"2023-03-13 01:29:11",62,
"Fat Free Percent","2023-03-13 01:29:11",93,
MUSCLE_PERCENT,"2023-03-13 01:29:11",88,
BONE_PERCENT,"2023-03-13 01:29:11",5,
WATER_PERCENT,"2023-03-13 01:29:11",67,
FAT_PERCENT,"2023-03-11 01:55:47",8,
FAT_FREE_MASS,"2023-03-11 01:55:47",62,
"Fat Free Percent","2023-03-11 01:55:47",92,
MUSCLE_PERCENT,"2023-03-11 01:55:47",88,
BONE_PERCENT,"2023-03-11 01:55:47",5,
WATER_PERCENT,"2023-03-11 01:55:47",66,
FAT_PERCENT,"2023-03-10 02:47:42",7,
FAT_FREE_MASS,"2023-03-10 02:47:42",62,
"Fat Free Percent","2023-03-10 02:47:42",93,
MUSCLE_PERCENT,"2023-03-10 02:47:42",88,
BONE_PERCENT,"2023-03-10 02:47:42",5,
WATER_PERCENT,"2023-03-10 02:47:42",66,
FAT_PERCENT,"2023-03-08 23:45:11",7,
FAT_FREE_MASS,"2023-03-08 23:45:11",62,
"Fat Free Percent","2023-03-08 23:45:11",93,
MUSCLE_PERCENT,"2023-03-08 23:45:11",88,
BONE_PERCENT,"2023-03-08 23:45:11",5,
WATER_PERCENT,"2023-03-08 23:45:11",67,
FAT_PERCENT,"2023-03-07 09:33:53",8,
FAT_FREE_MASS,"2023-03-07 09:33:53",61,
"Fat Free Percent","2023-03-07 09:33:53",92,
MUSCLE_PERCENT,"2023-03-07 09:33:53",87,
BONE_PERCENT,"2023-03-07 09:33:53",5,
WATER_PERCENT,"2023-03-07 09:33:53",64,
"PWV Reached count","2023-03-06 09:42:49","1,282",
"VA Reached count","2023-03-06 09:42:49","1,282",
FAT_PERCENT,"2023-03-06 09:42:49",8,
FAT_FREE_MASS,"2023-03-06 09:42:49",60,
"Fat Free Percent","2023-03-06 09:42:49",92,
MUSCLE_PERCENT,"2023-03-06 09:42:49",87,
BONE_PERCENT,"2023-03-06 09:42:49",5,
WATER_PERCENT,"2023-03-06 09:42:49",63,
FAT_PERCENT,"2023-03-06 09:42:19",8,
FAT_FREE_MASS,"2023-03-06 09:42:19",61,
"Fat Free Percent","2023-03-06 09:42:19",92,
MUSCLE_PERCENT,"2023-03-06 09:42:19",88,
BONE_PERCENT,"2023-03-06 09:42:19",5,
WATER_PERCENT,"2023-03-06 09:42:19",64,
FAT_PERCENT,"2023-03-05 01:37:17",8,
FAT_FREE_MASS,"2023-03-05 01:37:17",62,
"Fat Free Percent","2023-03-05 01:37:17",92,
MUSCLE_PERCENT,"2023-03-05 01:37:17",87,
BONE_PERCENT,"2023-03-05 01:37:17",5,
WATER_PERCENT,"2023-03-05 01:37:17",65,
FAT_PERCENT,"2023-03-03 23:49:28",7,
FAT_FREE_MASS,"2023-03-03 23:49:28",62,
"Fat Free Percent","2023-03-03 23:49:28",93,
MUSCLE_PERCENT,"2023-03-03 23:49:28",88,
BONE_PERCENT,"2023-03-03 23:49:28",5,
WATER_PERCENT,"2023-03-03 23:49:28",67,
"PWV Reached count","2023-03-01 10:00:06","1,281",
"VA Reached count","2023-03-01 10:00:06","1,281",
FAT_PERCENT,"2023-03-01 10:00:06",9,
FAT_FREE_MASS,"2023-03-01 10:00:06",60,
"Fat Free Percent","2023-03-01 10:00:06",91,
MUSCLE_PERCENT,"2023-03-01 10:00:06",86,
BONE_PERCENT,"2023-03-01 10:00:06",5,
WATER_PERCENT,"2023-03-01 10:00:06",62,
FAT_PERCENT,"2023-02-26 12:45:06",9,
FAT_FREE_MASS,"2023-02-26 12:45:06",60,
"Fat Free Percent","2023-02-26 12:45:06",91,
MUSCLE_PERCENT,"2023-02-26 12:45:06",87,
BONE_PERCENT,"2023-02-26 12:45:06",5,
WATER_PERCENT,"2023-02-26 12:45:06",63,
FAT_PERCENT,"2023-02-23 18:23:56",8,
FAT_FREE_MASS,"2023-02-23 18:23:56",61,
"Fat Free Percent","2023-02-23 18:23:56",92,
MUSCLE_PERCENT,"2023-02-23 18:23:56",87,
BONE_PERCENT,"2023-02-23 18:23:56",5,
WATER_PERCENT,"2023-02-23 18:23:56",64,
FAT_PERCENT,"2023-02-15 10:10:05",9,
FAT_FREE_MASS,"2023-02-15 10:10:05",61,
"Fat Free Percent","2023-02-15 10:10:05",91,
MUSCLE_PERCENT,"2023-02-15 10:10:05",87,
BONE_PERCENT,"2023-02-15 10:10:05",5,
WATER_PERCENT,"2023-02-15 10:10:05",63,
FAT_PERCENT,"2023-02-13 10:58:15",9,
FAT_FREE_MASS,"2023-02-13 10:58:15",61,
"Fat Free Percent","2023-02-13 10:58:15",91,
MUSCLE_PERCENT,"2023-02-13 10:58:15",86,
BONE_PERCENT,"2023-02-13 10:58:15",5,
WATER_PERCENT,"2023-02-13 10:58:15",62,
FAT_PERCENT,"2023-02-10 10:12:14",9,
FAT_FREE_MASS,"2023-02-10 10:12:14",61,
"Fat Free Percent","2023-02-10 10:12:14",91,
MUSCLE_PERCENT,"2023-02-10 10:12:14",87,
BONE_PERCENT,"2023-02-10 10:12:14",5,
WATER_PERCENT,"2023-02-10 10:12:14",63,
FAT_PERCENT,"2023-01-28 00:22:47",8,
FAT_FREE_MASS,"2023-01-28 00:22:47",62,
"Fat Free Percent","2023-01-28 00:22:47",92,
MUSCLE_PERCENT,"2023-01-28 00:22:47",87,
BONE_PERCENT,"2023-01-28 00:22:47",5,
WATER_PERCENT,"2023-01-28 00:22:47",65,
FAT_PERCENT,"2023-01-22 10:04:02",9,
FAT_FREE_MASS,"2023-01-22 10:04:02",61,
"Fat Free Percent","2023-01-22 10:04:02",91,
MUSCLE_PERCENT,"2023-01-22 10:04:02",87,
BONE_PERCENT,"2023-01-22 10:04:02",5,
WATER_PERCENT,"2023-01-22 10:04:02",63,
FAT_PERCENT,"2023-01-19 01:07:34",7,
FAT_FREE_MASS,"2023-01-19 01:07:34",62,
"Fat Free Percent","2023-01-19 01:07:34",93,
MUSCLE_PERCENT,"2023-01-19 01:07:34",88,
BONE_PERCENT,"2023-01-19 01:07:34",5,
WATER_PERCENT,"2023-01-19 01:07:34",66,
FAT_PERCENT,"2023-01-08 09:58:10",9,
FAT_FREE_MASS,"2023-01-08 09:58:10",61,
"Fat Free Percent","2023-01-08 09:58:10",91,
MUSCLE_PERCENT,"2023-01-08 09:58:10",86,
BONE_PERCENT,"2023-01-08 09:58:10",5,
WATER_PERCENT,"2023-01-08 09:58:10",62,
FAT_PERCENT,"2022-12-29 11:03:31",9,
FAT_FREE_MASS,"2022-12-29 11:03:31",60,
"Fat Free Percent","2022-12-29 11:03:31",91,
MUSCLE_PERCENT,"2022-12-29 11:03:31",87,
BONE_PERCENT,"2022-12-29 11:03:31",5,
WATER_PERCENT,"2022-12-29 11:03:31",63,
FAT_PERCENT,"2022-12-22 11:02:02",9,
FAT_FREE_MASS,"2022-12-22 11:02:02",61,
"Fat Free Percent","2022-12-22 11:02:02",91,
MUSCLE_PERCENT,"2022-12-22 11:02:02",87,
BONE_PERCENT,"2022-12-22 11:02:02",5,
WATER_PERCENT,"2022-12-22 11:02:02",63,
FAT_PERCENT,"2022-12-20 00:23:26",8,
FAT_FREE_MASS,"2022-12-20 00:23:26",62,
"Fat Free Percent","2022-12-20 00:23:26",92,
MUSCLE_PERCENT,"2022-12-20 00:23:26",88,
BONE_PERCENT,"2022-12-20 00:23:26",5,
WATER_PERCENT,"2022-12-20 00:23:26",66,
FAT_FREE_MASS,"2022-12-04 00:59:05",66,
FAT_PERCENT,"2022-12-04 00:59:05",3,
MUSCLE_PERCENT,"2022-12-04 00:59:05",92,
BONE_PERCENT,"2022-12-04 00:59:05",5,
WATER_PERCENT,"2022-12-04 00:59:05",67,
"Fat Free Percent","2022-12-04 00:59:05",97,
"Vascular age","2022-11-22 01:09:11",26,
FAT_PERCENT,"2022-11-22 01:09:11",7,
FAT_FREE_MASS,"2022-11-22 01:09:11",61,
"Fat Free Percent","2022-11-22 01:09:11",93,
MUSCLE_PERCENT,"2022-11-22 01:09:11",88,
BONE_PERCENT,"2022-11-22 01:09:11",5,
WATER_PERCENT,"2022-11-22 01:09:11",66,
FAT_PERCENT,"2022-11-09 13:17:09",8,
FAT_FREE_MASS,"2022-11-09 13:17:09",61,
"Fat Free Percent","2022-11-09 13:17:09",92,
MUSCLE_PERCENT,"2022-11-09 13:17:09",87,
BONE_PERCENT,"2022-11-09 13:17:09",5,
WATER_PERCENT,"2022-11-09 13:17:09",64,
FAT_PERCENT,"2022-10-18 00:18:30",8,
FAT_FREE_MASS,"2022-10-18 00:18:30",62,
"Fat Free Percent","2022-10-18 00:18:30",92,
MUSCLE_PERCENT,"2022-10-18 00:18:30",88,
BONE_PERCENT,"2022-10-18 00:18:30",5,
WATER_PERCENT,"2022-10-18 00:18:30",66,
FAT_PERCENT,"2022-10-17 08:22:26",9,
FAT_FREE_MASS,"2022-10-17 08:22:26",61,
"Fat Free Percent","2022-10-17 08:22:26",91,
MUSCLE_PERCENT,"2022-10-17 08:22:26",87,
BONE_PERCENT,"2022-10-17 08:22:26",5,
WATER_PERCENT,"2022-10-17 08:22:26",63,
FAT_PERCENT,"2022-10-16 21:37:09",8,
FAT_FREE_MASS,"2022-10-16 21:37:09",62,
"Fat Free Percent","2022-10-16 21:37:09",92,
MUSCLE_PERCENT,"2022-10-16 21:37:09",87,
BONE_PERCENT,"2022-10-16 21:37:09",5,
WATER_PERCENT,"2022-10-16 21:37:09",64,
FAT_PERCENT,"2022-10-16 12:33:34",9,
FAT_FREE_MASS,"2022-10-16 12:33:34",61,
"Fat Free Percent","2022-10-16 12:33:34",91,
MUSCLE_PERCENT,"2022-10-16 12:33:34",87,
BONE_PERCENT,"2022-10-16 12:33:34",5,
WATER_PERCENT,"2022-10-16 12:33:34",63,
FAT_PERCENT,"2022-10-15 01:38:03",8,
FAT_FREE_MASS,"2022-10-15 01:38:03",62,
"Fat Free Percent","2022-10-15 01:38:03",92,
MUSCLE_PERCENT,"2022-10-15 01:38:03",87,
BONE_PERCENT,"2022-10-15 01:38:03",5,
WATER_PERCENT,"2022-10-15 01:38:03",65,
FAT_PERCENT,"2022-10-13 11:36:55",9,
FAT_FREE_MASS,"2022-10-13 11:36:55",61,
"Fat Free Percent","2022-10-13 11:36:55",91,
MUSCLE_PERCENT,"2022-10-13 11:36:55",86,
BONE_PERCENT,"2022-10-13 11:36:55",5,
WATER_PERCENT,"2022-10-13 11:36:55",63,
FAT_PERCENT,"2022-10-12 08:59:02",9,
FAT_FREE_MASS,"2022-10-12 08:59:02",60,
"Fat Free Percent","2022-10-12 08:59:02",91,
MUSCLE_PERCENT,"2022-10-12 08:59:02",87,
BONE_PERCENT,"2022-10-12 08:59:02",5,
WATER_PERCENT,"2022-10-12 08:59:02",63,
FAT_PERCENT,"2022-10-09 00:22:33",8,
FAT_FREE_MASS,"2022-10-09 00:22:33",61,
"Fat Free Percent","2022-10-09 00:22:33",92,
MUSCLE_PERCENT,"2022-10-09 00:22:33",87,
BONE_PERCENT,"2022-10-09 00:22:33",5,
WATER_PERCENT,"2022-10-09 00:22:33",64,
FAT_PERCENT,"2022-10-03 10:53:00",9,
FAT_FREE_MASS,"2022-10-03 10:53:00",62,
"Fat Free Percent","2022-10-03 10:53:00",91,
MUSCLE_PERCENT,"2022-10-03 10:53:00",86,
BONE_PERCENT,"2022-10-03 10:53:00",5,
WATER_PERCENT,"2022-10-03 10:53:00",63,
FAT_PERCENT,"2022-10-02 13:13:09",8,
FAT_FREE_MASS,"2022-10-02 13:13:09",61,
"Fat Free Percent","2022-10-02 13:13:09",92,
MUSCLE_PERCENT,"2022-10-02 13:13:09",87,
BONE_PERCENT,"2022-10-02 13:13:09",5,
WATER_PERCENT,"2022-10-02 13:13:09",65,
FAT_PERCENT,"2022-10-01 15:12:17",9,
FAT_FREE_MASS,"2022-10-01 15:12:17",61,
"Fat Free Percent","2022-10-01 15:12:17",91,
MUSCLE_PERCENT,"2022-10-01 15:12:17",87,
BONE_PERCENT,"2022-10-01 15:12:17",5,
WATER_PERCENT,"2022-10-01 15:12:17",63,
FAT_PERCENT,"2022-09-30 12:04:46",9,
FAT_FREE_MASS,"2022-09-30 12:04:46",61,
"Fat Free Percent","2022-09-30 12:04:46",91,
MUSCLE_PERCENT,"2022-09-30 12:04:46",87,
BONE_PERCENT,"2022-09-30 12:04:46",5,
WATER_PERCENT,"2022-09-30 12:04:46",63,
FAT_PERCENT,"2022-09-27 11:57:49",9,
FAT_FREE_MASS,"2022-09-27 11:57:49",61,
"Fat Free Percent","2022-09-27 11:57:49",91,
MUSCLE_PERCENT,"2022-09-27 11:57:49",86,
BONE_PERCENT,"2022-09-27 11:57:49",5,
WATER_PERCENT,"2022-09-27 11:57:49",62,
FAT_PERCENT,"2022-09-24 23:47:04",9,
FAT_FREE_MASS,"2022-09-24 23:47:04",63,
"Fat Free Percent","2022-09-24 23:47:04",91,
MUSCLE_PERCENT,"2022-09-24 23:47:04",87,
BONE_PERCENT,"2022-09-24 23:47:04",5,
WATER_PERCENT,"2022-09-24 23:47:04",64,
FAT_PERCENT,"2022-09-24 11:15:30",9,
FAT_FREE_MASS,"2022-09-24 11:15:30",61,
"Fat Free Percent","2022-09-24 11:15:30",91,
MUSCLE_PERCENT,"2022-09-24 11:15:30",86,
BONE_PERCENT,"2022-09-24 11:15:30",5,
WATER_PERCENT,"2022-09-24 11:15:30",63,
FAT_PERCENT,"2022-09-18 12:33:02",10,
FAT_FREE_MASS,"2022-09-18 12:33:02",61,
"Fat Free Percent","2022-09-18 12:33:02",90,
MUSCLE_PERCENT,"2022-09-18 12:33:02",86,
BONE_PERCENT,"2022-09-18 12:33:02",5,
WATER_PERCENT,"2022-09-18 12:33:02",62,
"Vascular age","2022-09-18 00:54:21",24,
FAT_PERCENT,"2022-09-18 00:54:21",8,
FAT_FREE_MASS,"2022-09-18 00:54:21",62,
"Fat Free Percent","2022-09-18 00:54:21",92,
MUSCLE_PERCENT,"2022-09-18 00:54:21",87,
BONE_PERCENT,"2022-09-18 00:54:21",5,
WATER_PERCENT,"2022-09-18 00:54:21",64,
FAT_PERCENT,"2022-09-17 10:58:22",10,
FAT_FREE_MASS,"2022-09-17 10:58:22",61,
"Fat Free Percent","2022-09-17 10:58:22",90,
MUSCLE_PERCENT,"2022-09-17 10:58:22",86,
BONE_PERCENT,"2022-09-17 10:58:22",5,
WATER_PERCENT,"2022-09-17 10:58:22",62,
FAT_PERCENT,"2022-09-13 11:33:48",10,
FAT_FREE_MASS,"2022-09-13 11:33:48",61,
"Fat Free Percent","2022-09-13 11:33:48",90,
MUSCLE_PERCENT,"2022-09-13 11:33:48",86,
BONE_PERCENT,"2022-09-13 11:33:48",5,
WATER_PERCENT,"2022-09-13 11:33:48",62,
FAT_PERCENT,"2022-09-09 11:24:03",9,
FAT_FREE_MASS,"2022-09-09 11:24:03",61,
"Fat Free Percent","2022-09-09 11:24:03",91,
MUSCLE_PERCENT,"2022-09-09 11:24:03",86,
BONE_PERCENT,"2022-09-09 11:24:03",5,
WATER_PERCENT,"2022-09-09 11:24:03",62,
"Vascular age","2022-09-08 11:24:34",27,
FAT_PERCENT,"2022-09-08 11:24:34",9,
FAT_FREE_MASS,"2022-09-08 11:24:34",61,
"Fat Free Percent","2022-09-08 11:24:34",91,
MUSCLE_PERCENT,"2022-09-08 11:24:34",86,
BONE_PERCENT,"2022-09-08 11:24:34",5,
WATER_PERCENT,"2022-09-08 11:24:34",62,
FAT_PERCENT,"2022-09-05 21:43:02",9,
FAT_FREE_MASS,"2022-09-05 21:43:02",63,
"Fat Free Percent","2022-09-05 21:43:02",91,
MUSCLE_PERCENT,"2022-09-05 21:43:02",86,
BONE_PERCENT,"2022-09-05 21:43:02",5,
WATER_PERCENT,"2022-09-05 21:43:02",63,
FAT_PERCENT,"2022-09-05 17:59:54",9,
FAT_FREE_MASS,"2022-09-05 17:59:54",63,
"Fat Free Percent","2022-09-05 17:59:54",91,
MUSCLE_PERCENT,"2022-09-05 17:59:54",86,
BONE_PERCENT,"2022-09-05 17:59:54",5,
WATER_PERCENT,"2022-09-05 17:59:54",64,
FAT_PERCENT,"2022-09-03 23:53:11",9,
FAT_FREE_MASS,"2022-09-03 23:53:11",62,
"Fat Free Percent","2022-09-03 23:53:11",91,
MUSCLE_PERCENT,"2022-09-03 23:53:11",86,
BONE_PERCENT,"2022-09-03 23:53:11",5,
WATER_PERCENT,"2022-09-03 23:53:11",63,
FAT_PERCENT,"2022-09-03 21:19:26",9,
FAT_FREE_MASS,"2022-09-03 21:19:26",63,
"Fat Free Percent","2022-09-03 21:19:26",91,
MUSCLE_PERCENT,"2022-09-03 21:19:26",86,
BONE_PERCENT,"2022-09-03 21:19:26",5,
WATER_PERCENT,"2022-09-03 21:19:26",63,
FAT_PERCENT,"2022-09-03 16:42:37",9,
FAT_FREE_MASS,"2022-09-03 16:42:37",63,
"Fat Free Percent","2022-09-03 16:42:37",91,
MUSCLE_PERCENT,"2022-09-03 16:42:37",87,
BONE_PERCENT,"2022-09-03 16:42:37",5,
WATER_PERCENT,"2022-09-03 16:42:37",64,
FAT_PERCENT,"2022-09-03 15:44:30",9,
FAT_FREE_MASS,"2022-09-03 15:44:30",62,
"Fat Free Percent","2022-09-03 15:44:30",91,
MUSCLE_PERCENT,"2022-09-03 15:44:30",86,
BONE_PERCENT,"2022-09-03 15:44:30",5,
WATER_PERCENT,"2022-09-03 15:44:30",63,
FAT_PERCENT,"2022-09-03 10:58:05",10,
FAT_FREE_MASS,"2022-09-03 10:58:05",62,
"Fat Free Percent","2022-09-03 10:58:05",90,
MUSCLE_PERCENT,"2022-09-03 10:58:05",86,
BONE_PERCENT,"2022-09-03 10:58:05",5,
WATER_PERCENT,"2022-09-03 10:58:05",62,
FAT_PERCENT,"2022-09-03 10:48:11",9,
FAT_FREE_MASS,"2022-09-03 10:48:11",61,
"Fat Free Percent","2022-09-03 10:48:11",91,
MUSCLE_PERCENT,"2022-09-03 10:48:11",86,
BONE_PERCENT,"2022-09-03 10:48:11",5,
WATER_PERCENT,"2022-09-03 10:48:11",62,
FAT_PERCENT,"2022-09-02 12:02:01",10,
FAT_FREE_MASS,"2022-09-02 12:02:01",61,
"Fat Free Percent","2022-09-02 12:02:01",90,
MUSCLE_PERCENT,"2022-09-02 12:02:01",85,
BONE_PERCENT,"2022-09-02 12:02:01",4,
WATER_PERCENT,"2022-09-02 12:02:01",61,
FAT_PERCENT,"2022-09-01 21:35:19",9,
FAT_FREE_MASS,"2022-09-01 21:35:19",63,
"Fat Free Percent","2022-09-01 21:35:19",91,
MUSCLE_PERCENT,"2022-09-01 21:35:19",86,
BONE_PERCENT,"2022-09-01 21:35:19",5,
WATER_PERCENT,"2022-09-01 21:35:19",63,
FAT_PERCENT,"2022-09-01 10:17:01",9,
FAT_FREE_MASS,"2022-09-01 10:17:01",61,
"Fat Free Percent","2022-09-01 10:17:01",91,
MUSCLE_PERCENT,"2022-09-01 10:17:01",86,
BONE_PERCENT,"2022-09-01 10:17:01",5,
WATER_PERCENT,"2022-09-01 10:17:01",62,
FAT_PERCENT,"2022-08-31 11:12:47",10,
FAT_FREE_MASS,"2022-08-31 11:12:47",61,
"Fat Free Percent","2022-08-31 11:12:47",90,
MUSCLE_PERCENT,"2022-08-31 11:12:47",86,
BONE_PERCENT,"2022-08-31 11:12:47",5,
WATER_PERCENT,"2022-08-31 11:12:47",62,
FAT_PERCENT,"2022-08-30 12:44:57",10,
FAT_FREE_MASS,"2022-08-30 12:44:57",61,
"Fat Free Percent","2022-08-30 12:44:57",90,
MUSCLE_PERCENT,"2022-08-30 12:44:57",86,
BONE_PERCENT,"2022-08-30 12:44:57",5,
WATER_PERCENT,"2022-08-30 12:44:57",62,
FAT_PERCENT,"2022-08-29 19:45:28",10,
FAT_FREE_MASS,"2022-08-29 19:45:28",63,
"Fat Free Percent","2022-08-29 19:45:28",90,
MUSCLE_PERCENT,"2022-08-29 19:45:28",86,
BONE_PERCENT,"2022-08-29 19:45:28",5,
WATER_PERCENT,"2022-08-29 19:45:28",63,
FAT_PERCENT,"2022-08-28 20:15:56",9,
FAT_FREE_MASS,"2022-08-28 20:15:56",61,
"Fat Free Percent","2022-08-28 20:15:56",91,
MUSCLE_PERCENT,"2022-08-28 20:15:56",86,
BONE_PERCENT,"2022-08-28 20:15:56",5,
WATER_PERCENT,"2022-08-28 20:15:56",62,
FAT_PERCENT,"2022-08-28 17:04:36",10,
FAT_FREE_MASS,"2022-08-28 17:04:36",62,
"Fat Free Percent","2022-08-28 17:04:36",90,
MUSCLE_PERCENT,"2022-08-28 17:04:36",86,
BONE_PERCENT,"2022-08-28 17:04:36",5,
WATER_PERCENT,"2022-08-28 17:04:36",62,
FAT_PERCENT,"2022-08-28 17:00:00",10,
FAT_FREE_MASS,"2022-08-28 17:00:00",62,
"Fat Free Percent","2022-08-28 17:00:00",90,
MUSCLE_PERCENT,"2022-08-28 17:00:00",86,
BONE_PERCENT,"2022-08-28 17:00:00",5,
WATER_PERCENT,"2022-08-28 17:00:00",62,
FAT_PERCENT,"2022-08-27 09:48:53",10,
FAT_FREE_MASS,"2022-08-27 09:48:53",62,
"Fat Free Percent","2022-08-27 09:48:53",90,
MUSCLE_PERCENT,"2022-08-27 09:48:53",86,
BONE_PERCENT,"2022-08-27 09:48:53",5,
WATER_PERCENT,"2022-08-27 09:48:53",62,
FAT_PERCENT,"2022-08-26 11:02:04",10,
FAT_FREE_MASS,"2022-08-26 11:02:04",61,
"Fat Free Percent","2022-08-26 11:02:04",90,
MUSCLE_PERCENT,"2022-08-26 11:02:04",86,
BONE_PERCENT,"2022-08-26 11:02:04",5,
WATER_PERCENT,"2022-08-26 11:02:04",62,
FAT_PERCENT,"2022-08-25 22:41:52",9,
FAT_FREE_MASS,"2022-08-25 22:41:52",63,
"Fat Free Percent","2022-08-25 22:41:52",91,
MUSCLE_PERCENT,"2022-08-25 22:41:52",87,
BONE_PERCENT,"2022-08-25 22:41:52",5,
WATER_PERCENT,"2022-08-25 22:41:52",64,
"Vascular age","2022-08-25 13:56:04",25,
FAT_PERCENT,"2022-08-25 13:56:04",10,
FAT_FREE_MASS,"2022-08-25 13:56:04",62,
"Fat Free Percent","2022-08-25 13:56:04",90,
MUSCLE_PERCENT,"2022-08-25 13:56:04",86,
BONE_PERCENT,"2022-08-25 13:56:04",5,
WATER_PERCENT,"2022-08-25 13:56:04",62,
FAT_PERCENT,"2022-08-25 12:37:30",10,
FAT_FREE_MASS,"2022-08-25 12:37:30",62,
"Fat Free Percent","2022-08-25 12:37:30",90,
MUSCLE_PERCENT,"2022-08-25 12:37:30",86,
BONE_PERCENT,"2022-08-25 12:37:30",5,
WATER_PERCENT,"2022-08-25 12:37:30",62,
"Vascular age","2022-08-25 10:43:31",24,
FAT_PERCENT,"2022-08-25 10:43:31",9,
FAT_FREE_MASS,"2022-08-25 10:43:31",62,
"Fat Free Percent","2022-08-25 10:43:31",91,
MUSCLE_PERCENT,"2022-08-25 10:43:31",86,
BONE_PERCENT,"2022-08-25 10:43:31",5,
WATER_PERCENT,"2022-08-25 10:43:31",63,
FAT_PERCENT,"2022-08-24 22:23:01",9,
FAT_FREE_MASS,"2022-08-24 22:23:01",64,
"Fat Free Percent","2022-08-24 22:23:01",91,
MUSCLE_PERCENT,"2022-08-24 22:23:01",87,
BONE_PERCENT,"2022-08-24 22:23:01",5,
WATER_PERCENT,"2022-08-24 22:23:01",65,
FAT_PERCENT,"2022-08-24 13:16:10",10,
FAT_FREE_MASS,"2022-08-24 13:16:10",63,
"Fat Free Percent","2022-08-24 13:16:10",90,
MUSCLE_PERCENT,"2022-08-24 13:16:10",86,
BONE_PERCENT,"2022-08-24 13:16:10",5,
WATER_PERCENT,"2022-08-24 13:16:10",63,
"Vascular age","2022-08-23 10:59:41",23,
FAT_PERCENT,"2022-08-23 10:59:41",10,
FAT_FREE_MASS,"2022-08-23 10:59:41",62,
"Fat Free Percent","2022-08-23 10:59:41",90,
MUSCLE_PERCENT,"2022-08-23 10:59:41",86,
BONE_PERCENT,"2022-08-23 10:59:41",5,
WATER_PERCENT,"2022-08-23 10:59:41",62,
FAT_PERCENT,"2022-08-23 10:12:32",10,
FAT_FREE_MASS,"2022-08-23 10:12:32",62,
"Fat Free Percent","2022-08-23 10:12:32",90,
MUSCLE_PERCENT,"2022-08-23 10:12:32",85,
BONE_PERCENT,"2022-08-23 10:12:32",4,
WATER_PERCENT,"2022-08-23 10:12:32",62,
FAT_PERCENT,"2022-08-22 23:56:42",9,
FAT_FREE_MASS,"2022-08-22 23:56:42",63,
"Fat Free Percent","2022-08-22 23:56:42",91,
MUSCLE_PERCENT,"2022-08-22 23:56:42",86,
BONE_PERCENT,"2022-08-22 23:56:42",5,
WATER_PERCENT,"2022-08-22 23:56:42",63,
FAT_PERCENT,"2022-08-22 17:55:24",9,
FAT_FREE_MASS,"2022-08-22 17:55:24",63,
"Fat Free Percent","2022-08-22 17:55:24",91,
MUSCLE_PERCENT,"2022-08-22 17:55:24",86,
BONE_PERCENT,"2022-08-22 17:55:24",5,
WATER_PERCENT,"2022-08-22 17:55:24",63,
"Vascular age","2022-08-22 11:31:03",22,
"Vascular age","2022-08-22 09:58:57",22,
FAT_PERCENT,"2022-08-22 09:58:57",10,
FAT_FREE_MASS,"2022-08-22 09:58:57",62,
"Fat Free Percent","2022-08-22 09:58:57",90,
MUSCLE_PERCENT,"2022-08-22 09:58:57",86,
BONE_PERCENT,"2022-08-22 09:58:57",5,
WATER_PERCENT,"2022-08-22 09:58:57",62,
FAT_PERCENT,"2022-08-18 21:31:19",10,
FAT_FREE_MASS,"2022-08-18 21:31:19",62,
"Fat Free Percent","2022-08-18 21:31:19",90,
MUSCLE_PERCENT,"2022-08-18 21:31:19",86,
BONE_PERCENT,"2022-08-18 21:31:19",5,
WATER_PERCENT,"2022-08-18 21:31:19",62,
"Vascular age","2022-08-18 12:56:46",28,
FAT_PERCENT,"2022-08-18 12:56:46",10,
FAT_FREE_MASS,"2022-08-18 12:56:46",62,
"Fat Free Percent","2022-08-18 12:56:46",90,
MUSCLE_PERCENT,"2022-08-18 12:56:46",86,
BONE_PERCENT,"2022-08-18 12:56:46",5,
WATER_PERCENT,"2022-08-18 12:56:46",62,
FAT_PERCENT,"2022-08-18 12:55:33",9,
FAT_FREE_MASS,"2022-08-18 12:55:33",62,
"Fat Free Percent","2022-08-18 12:55:33",91,
MUSCLE_PERCENT,"2022-08-18 12:55:33",86,
BONE_PERCENT,"2022-08-18 12:55:33",5,
WATER_PERCENT,"2022-08-18 12:55:33",63,
FAT_PERCENT,"2022-08-18 00:39:39",9,
FAT_FREE_MASS,"2022-08-18 00:39:39",63,
"Fat Free Percent","2022-08-18 00:39:39",91,
MUSCLE_PERCENT,"2022-08-18 00:39:39",87,
BONE_PERCENT,"2022-08-18 00:39:39",5,
WATER_PERCENT,"2022-08-18 00:39:39",64,
FAT_PERCENT,"2022-08-18 00:39:02",8,
FAT_FREE_MASS,"2022-08-18 00:39:02",63,
"Fat Free Percent","2022-08-18 00:39:02",92,
MUSCLE_PERCENT,"2022-08-18 00:39:02",87,
BONE_PERCENT,"2022-08-18 00:39:02",5,
WATER_PERCENT,"2022-08-18 00:39:02",65,
"Vascular age","2022-08-17 14:44:30",27,
"Vascular age","2022-08-17 10:58:51",27,
FAT_PERCENT,"2022-08-17 10:58:51",9,
FAT_FREE_MASS,"2022-08-17 10:58:51",62,
"Fat Free Percent","2022-08-17 10:58:51",91,
MUSCLE_PERCENT,"2022-08-17 10:58:51",86,
BONE_PERCENT,"2022-08-17 10:58:51",5,
WATER_PERCENT,"2022-08-17 10:58:51",63,
"PWV Reached count","2022-08-17 10:58:16","1,284",
"VA Reached count","2022-08-17 10:58:16","1,284",
FAT_PERCENT,"2022-08-17 10:58:16",9,
FAT_FREE_MASS,"2022-08-17 10:58:16",62,
"Fat Free Percent","2022-08-17 10:58:16",91,
MUSCLE_PERCENT,"2022-08-17 10:58:16",86,
BONE_PERCENT,"2022-08-17 10:58:16",5,
WATER_PERCENT,"2022-08-17 10:58:16",62,
"PWV Reached count","2022-08-17 10:57:38","1,283",
"VA Reached count","2022-08-17 10:57:38","1,283",
FAT_PERCENT,"2022-08-17 10:57:38",9,
FAT_FREE_MASS,"2022-08-17 10:57:38",62,
"Fat Free Percent","2022-08-17 10:57:38",91,
MUSCLE_PERCENT,"2022-08-17 10:57:38",86,
BONE_PERCENT,"2022-08-17 10:57:38",5,
WATER_PERCENT,"2022-08-17 10:57:38",62,
"PWV Reached count","2022-08-17 10:55:07","1,282",
"VA Reached count","2022-08-17 10:55:07","1,282",
FAT_PERCENT,"2022-08-17 10:55:07",9,
FAT_FREE_MASS,"2022-08-17 10:55:07",62,
"Fat Free Percent","2022-08-17 10:55:07",91,
MUSCLE_PERCENT,"2022-08-17 10:55:07",86,
BONE_PERCENT,"2022-08-17 10:55:07",5,
WATER_PERCENT,"2022-08-17 10:55:07",62,
"PWV Reached count","2022-08-17 10:54:05","1,281",
"VA Reached count","2022-08-17 10:54:05","1,281",
FAT_PERCENT,"2022-08-17 10:54:05",9,
FAT_FREE_MASS,"2022-08-17 10:54:05",62,
"Fat Free Percent","2022-08-17 10:54:05",91,
MUSCLE_PERCENT,"2022-08-17 10:54:05",86,
BONE_PERCENT,"2022-08-17 10:54:05",5,
WATER_PERCENT,"2022-08-17 10:54:05",62,
